S.No,ID,KFHName,ProductID,ProductName,SKUNAME,RackName,SectionName,PickingPriority,Rider
1,10968,Grant Road KFH,2275,Tender Coconut Opener,1 Nos,A - 0,P - 10,10,
2,10966,Grant Road KFH,2617,Cotton Bag,1 Nos,A - 0,P - 8,8,
3,10967,Grant Road KFH,4104,Box for Packing,1 Nos,A - 0,P - 9,9,
4,10969,Grant Road KFH,46,Tendli,250 g,A - 1,A - 1,11,
5,10978,Grant Road KFH,1191,Cauliflower - Small (Approx. 300g-500g),1 Nos,A - 1,A - 10,20,
6,10979,Grant Road KFH,3,Tomato,1 kg,A - 1,A - 11,21,
7,10980,Grant Road KFH,9,Cucumber White,500 g,A - 1,A - 12,22,
8,10981,Grant Road KFH,39,Beet Root,500 g,A - 1,A - 13,23,
9,10982,Grant Road KFH,5825,Grapes Sonaka (Approx. 500 Gm),1 Nos,A - 1,A - 14,24,
10,10983,Grant Road KFH,13,Brinjal Stripes.,500 g,A - 1,A - 15,25,
11,10984,Grant Road KFH,134,Brinjal Stripes,250 g,A - 1,A - 16,26,
12,10970,Grant Road KFH,4367,Tomato,300 g,A - 1,A - 2,12,
13,10971,Grant Road KFH,536,Cucumber English,500 g,A - 1,A - 3,13,
14,10972,Grant Road KFH,75,Carrot,500 g,A - 1,A - 4,14,
15,10973,Grant Road KFH,1183,Bhendi,250 g,A - 1,A - 5,15,
16,10974,Grant Road KFH,2467,Cucumber Green(Kakadi-Hirvi),600g,A - 1,A - 6,16,
17,10975,Grant Road KFH,155,Tomato,500 g,A - 1,A - 7,17,
18,10976,Grant Road KFH,264,Beetroot,250 g,A - 1,A - 8,18,
19,10977,Grant Road KFH,1192,Carrot,250 g,A - 1,A - 9,19,
20,10985,Grant Road KFH,1429,Tomato Desi,1 kg,A - 2,A - 17,27,
21,10986,Grant Road KFH,616,Brinjal Green,250 g,A - 2,A - 18,28,
22,10987,Grant Road KFH,819,Brinjal Bharta-Green,500 g,A - 2,A - 19,29,
23,10988,Grant Road KFH,615,Sponge Gourd,400 g,A - 2,A - 20,30,
24,10989,Grant Road KFH,1433,Tomato Desi.,500 g,A - 2,A - 21,31,
25,10990,Grant Road KFH,74,Brinjal Bharta,600g,A - 2,A - 22,32,
26,10991,Grant Road KFH,604,Brinjal Nagpur,250 g,A - 2,A - 23,33,
27,10992,Grant Road KFH,414,Totapuri Mango,1 kg,A - 2,A - 24,34,
28,10993,Grant Road KFH,1308,Brinjal Long Black,500 g,A - 2,A - 25,35,
29,10994,Grant Road KFH,361,Mango Lalbaug (Approx 5-6 Pcs),1 kg,A - 2,A - 26,36,
30,10995,Grant Road KFH,234,Ginger,100 g,A - 2,A - 27,37,
31,10996,Grant Road KFH,1392,Lemon,100 g,A - 2,A - 28,38,
32,10997,Grant Road KFH,25,Lemon,200 g,A - 2,A - 29,39,
33,10998,Grant Road KFH,12,Ginger,200 g,A - 2,A - 30,40,
34,10999,Grant Road KFH,11,Capsicum Green,500 g,A - 2,A - 31,41,
35,11000,Grant Road KFH,94,Karela,500 g,A - 2,A - 32,42,
36,11001,Grant Road KFH,265,Capsicum Green,250 g,A - 3,A - 33,43,
37,11002,Grant Road KFH,28,Curry Leaves,25g,A - 3,A - 34,44,
38,11003,Grant Road KFH,465,Dudhi(approx.350g to 550g),1 Nos,A - 3,A - 35,45,
39,11004,Grant Road KFH,79,Sweet Corn(approx.240g to 270g),1 Nos,A - 3,A - 36,46,
40,11005,Grant Road KFH,1187,Cabbage(Approx 450 gm - 800 gm),1 Nos,A - 3,A - 37,47,
41,11006,Grant Road KFH,8,Chilli Green Spicy,100 g,A - 3,A - 38,48,
42,11007,Grant Road KFH,130,French Beans,250 g,A - 3,A - 39,49,
43,11008,Grant Road KFH,36,Karela,250 g,A - 3,A - 40,50,
44,11009,Grant Road KFH,818,Green Tomato (Raw),500 g,A - 3,A - 41,51,
45,11010,Grant Road KFH,1085,Pavta,250 g,A - 3,A - 42,52,
46,11011,Grant Road KFH,1234,Papaya Raw-Medium (Approx 300g to 500g),1 Nos,A - 3,A - 43,53,
47,11012,Grant Road KFH,4287,Pooja Coconut,1 Nos,A - 3,A - 44,54,
48,11013,Grant Road KFH,125,Arbi Roots,500 g,A - 3,A - 45,55,
49,11014,Grant Road KFH,5817,Chow Chow,1 Nos,A - 3,A - 46,56,
50,11015,Grant Road KFH,573,Papaya Small Combo(Approx.1.0kg to 1.6kg),2 Nos,A - 3,A - 47,57,
51,11016,Grant Road KFH,302,Papaya Raw-Big (Approx 600g to 1kg),1 Nos,A - 3,A - 48,58,
52,11018,Grant Road KFH,383,Forest Bittergourd,250 g,B - 1,B - 10,60,
53,11019,Grant Road KFH,4212,Lemon Grass(approx. 100g),100 g,B - 1,B - 11,61,
54,11020,Grant Road KFH,35,Guava,500 g,B - 1,B - 12,62,
55,11021,Grant Road KFH,126,Parwal,250 g,B - 1,B - 13,63,
56,11022,Grant Road KFH,2273,Papaya Medium (Approx. 700gm-1200gm),1 Nos,B - 1,B - 14,64,
57,11023,Grant Road KFH,23,Papaya-Small(Approx.500g to 800g),1 Nos,B - 1,B - 15,65,
58,11024,Grant Road KFH,4548,Papaya Big (Approx. 1200gm-1700gm),1 Nos,B - 1,B - 16,66,
59,11017,Grant Road KFH,5605,Papaya Long (Approx. 700gm-1200gm),1 Nos,B - 1,B - 9,59,
60,11025,Grant Road KFH,2184,Coconut Large(App.550g-580g),1 Nos,B - 2,B - 17,67,
61,11026,Grant Road KFH,382,Tender Coconut(Paniwala),1 Nos,B - 2,B - 18,68,
62,11027,Grant Road KFH,883,Arbi Roots,250 g,B - 2,B - 19,69,
63,11028,Grant Road KFH,4216,Premium Tender Coconut-Select,1 Nos,B - 2,B - 20,70,
64,11029,Grant Road KFH,33,Gavar,250 g,B - 2,B - 21,71,
65,11030,Grant Road KFH,83,Cowpea Beans,250 g,B - 2,B - 22,72,
66,11031,Grant Road KFH,48,Coconut,1 Nos,B - 2,B - 23,73,
67,11032,Grant Road KFH,1208,Sweet Potato,250 g,B - 2,B - 24,74,
68,11033,Grant Road KFH,238,Banana Golden,500 g,B - 2,B - 25,75,
69,11034,Grant Road KFH,5823,Grapes Thompson (Approx. 500 Gm),1 Nos,B - 2,B - 26,76,
70,11035,Grant Road KFH,78,Chilli Medium Spicy,100 g,B - 2,B - 27,77,
71,11036,Grant Road KFH,99,Sweet Potato,500 g,B - 2,B - 28,78,
72,11037,Grant Road KFH,143,Banana Elaichi,500 g,B - 2,B - 29,79,
73,11038,Grant Road KFH,6,Garlic,200 g,B - 2,B - 30,80,
74,11039,Grant Road KFH,267,Carrot Red,500 g,B - 2,B - 31,81,
75,11040,Grant Road KFH,1189,Bhendi,500 g,B - 2,B - 32,82,
76,11041,Grant Road KFH,4449,Imported Avocado-Select,1 Nos,B - 3,B - 33,83,
77,11042,Grant Road KFH,449,Red Bellpepper Salad,25g,B - 3,B - 34,84,
78,11043,Grant Road KFH,600,Ridge Gourd(Dodaka),400 g,B - 3,B - 35,85,
79,11044,Grant Road KFH,362,Snake Gourd,500 g,B - 3,B - 36,86,
80,11045,Grant Road KFH,2588,Ridge Gourd,600g,B - 3,B - 37,87,
81,11046,Grant Road KFH,1209,Snake Gourd,250 g,B - 3,B - 38,88,
82,11047,Grant Road KFH,7,Green Peas,500 g,B - 3,B - 39,89,
83,11048,Grant Road KFH,1158,Thai Guava (appr.500g to 600g),2 Nos,B - 3,B - 40,90,
84,11049,Grant Road KFH,146,Raw Banana,500 g,B - 3,B - 41,91,
85,11050,Grant Road KFH,5843,White Onion - Small,1 kg,B - 3,B - 42,92,
86,11051,Grant Road KFH,4312,Thai Guava Pink,2 Nos,B - 3,B - 43,93,
87,11052,Grant Road KFH,5844,White Onion - Small,500 g,B - 3,B - 44,94,
88,11053,Grant Road KFH,1300,Guava-Pink,500 g,B - 3,B - 45,95,
89,11054,Grant Road KFH,446,Yellow Bellpepper Salad,25g,B - 3,B - 46,96,
90,11055,Grant Road KFH,1204,Green Peas,250 g,B - 3,B - 47,97,
91,11056,Grant Road KFH,2664,Baby Shimla Apple,500 g,B - 3,B - 48,98,
92,11057,Grant Road KFH,581,Pairi Mango,1 kg,C - 1,C - 1,99,
93,11066,Grant Road KFH,4339,Baby Banana,500 g,C - 1,C - 10,108,
94,11067,Grant Road KFH,412,Turnip(Shalgam),500 g,C - 1,C - 11,109,
95,11068,Grant Road KFH,292,Radish (Mooli),500 g,C - 1,C - 12,110,
96,11069,Grant Road KFH,271,Green Kiwi,3 Nos,C - 1,C - 13,111,
97,11070,Grant Road KFH,484,Royal Mango Kesar,1 kg,C - 1,C - 14,112,
98,11071,Grant Road KFH,203,Radish(Mooli),250 g,C - 1,C - 15,113,
99,11072,Grant Road KFH,20,Banana Golden,1 kg,C - 1,C - 16,114,
100,11058,Grant Road KFH,4288,Pear Green Imported (App.270g to 350g),2 Nos,C - 1,C - 2,100,
101,11059,Grant Road KFH,4320,Amla,100 g,C - 1,C - 3,101,
102,11060,Grant Road KFH,5533,Kiwi Green - Premium,2 Nos,C - 1,C - 4,102,
103,11061,Grant Road KFH,5726,Snacky Royal Gala,200 g,C - 1,C - 5,103,
104,11062,Grant Road KFH,137,Amla,250 g,C - 1,C - 6,104,
105,11063,Grant Road KFH,32,Drumstick(approx.5 pc to 6 pc),500 g,C - 1,C - 7,105,
106,11064,Grant Road KFH,145,Green Kiwi(Zespri),3 Nos,C - 1,C - 8,106,
107,11065,Grant Road KFH,161,Drumstick(Approx.3 PC),250 g,C - 1,C - 9,107,
108,11201,Grant Road KFH,1798,Dates Kimia (Approx 400g to 500g),1 Nos,C - 2,C - 17,244,
109,11202,Grant Road KFH,157,Pear Red Beauty (Approx.275g to 300g),2 Nos,C - 2,C - 19,245,
110,11203,Grant Road KFH,5826,Grapes Sonaka (Approx. 250 Gm),1 Nos,C - 2,C - 20,246,
111,11204,Grant Road KFH,5820,Grapes Red Flame (Approx. 250 Gm),1 Nos,C - 2,C - 21,247,
112,11205,Grant Road KFH,4474,Grapes Crimson (Approx. 250 Gm),1 Nos,C - 2,C - 22,248,
113,11206,Grant Road KFH,5818,Crimson Grapes (Approx. 500 Gm),1 Nos,C - 2,C - 23,249,
114,11207,Grant Road KFH,2913,Indian Royal Gala Apple,1 kg,C - 2,C - 24,250,
115,11208,Grant Road KFH,123,Avocado Imported(Premium)(approx.170g to 220g),1 Nos,C - 2,C - 25,251,
116,11209,Grant Road KFH,38,Chiku,500 g,C - 2,C - 26,252,
117,11210,Grant Road KFH,21,Muskmelon(App.600g to 900g),1 Nos,C - 2,C - 27,253,
118,11211,Grant Road KFH,343,Blueberry - (125gm),1 Nos,C - 2,C - 28,254,
119,11212,Grant Road KFH,301,Apple Ber,500 g,C - 2,C - 29,255,
120,11213,Grant Road KFH,392,Wood Apple (Kothbel),1 Nos,C - 2,C - 30,256,
121,11214,Grant Road KFH,246,Pear Green Imported(App.520g to 600g),4 Nos,C - 2,C - 31,257,
122,11215,Grant Road KFH,1884,Baby Pineapple(Approx.250g to 350g),1 Nos,C - 2,C - 32,258,
123,11216,Grant Road KFH,1967,Raw Totapuri Mango,500 g,C - 3,C - 33,259,
124,11217,Grant Road KFH,3157,Pineapple Premium (900g-1000g),1 Nos,C - 3,C - 34,260,
125,11218,Grant Road KFH,5541,Bel Fal,1 Nos,C - 3,C - 35,261,
126,11219,Grant Road KFH,3196,Kashmiri Ber,500 g,C - 3,C - 36,262,
127,11220,Grant Road KFH,325,Purple Yam,250 g,C - 3,C - 37,263,
128,11221,Grant Road KFH,190,Sambhar Onion,500 g,C - 3,C - 38,264,
129,11222,Grant Road KFH,441,Devgad Delight Alphonso Mango (app.180g to 200g),12 Nos,C - 3,C - 39,265,
130,11223,Grant Road KFH,2202,Watermelon Striped (approx.2 KG to 3 KG),1 Nos,C - 3,C - 40,266,
131,11224,Grant Road KFH,5725,Snacky Royal Gala,1 kg,C - 3,C - 41,267,
132,11225,Grant Road KFH,76,Groundnuts,500 g,C - 3,C - 42,268,
133,11226,Grant Road KFH,1193,Groundnuts,250 g,C - 3,C - 43,269,
134,11227,Grant Road KFH,1543,Dry Groundnuts,500 g,C - 3,C - 44,270,
135,11228,Grant Road KFH,3193,Potato Small New,1 kg,C - 3,C - 45,271,
136,11229,Grant Road KFH,410,Baby Potato,500 g,C - 3,C - 46,272,
137,11230,Grant Road KFH,162,Ash Gourd(White Pumpkin)(Approx. 800g to 1200g),1 Nos,C - 3,C - 47,273,
138,11231,Grant Road KFH,1259,Baby Potato,1 kg,C - 3,C - 48,274,
139,11073,Grant Road KFH,1304,Mango Leaves,12 Nos,D - 1,D - 1,115,
140,11082,Grant Road KFH,463,Red Delicious Apple(approx.500g to 600g),4 Nos,D - 1,D - 10,124,
141,11083,Grant Road KFH,5829,Black & Sonaka Grapes Combo ( Approx. 250g+250g ),1 Nos,D - 1,D - 11,125,
142,11084,Grant Road KFH,4402,Red Delicious Apple Premium,4 Nos,D - 1,D - 12,126,
143,11085,Grant Road KFH,390,Economy Red Delicious Apple(approx.430g to 500g),4 Nos,D - 1,D - 13,127,
144,11086,Grant Road KFH,378,Royal Gala Apple(Approx.510g to 600g),4 Nos,D - 1,D - 14,128,
145,11087,Grant Road KFH,121,Black Raisins,200 g,D - 1,D - 15,129,
146,11088,Grant Road KFH,4372,Fresh Rajma Beans,250 g,D - 1,D - 16,130,
147,11074,Grant Road KFH,3269,Bel Patra,50 g,D - 1,D - 2,116,
148,11075,Grant Road KFH,164,Premium Royal Gala Apple (App.560g to 700g),4 Nos,D - 1,D - 3,117,
149,11076,Grant Road KFH,415,Badami Mango,1 kg,D - 1,D - 4,118,
150,11077,Grant Road KFH,4398,Apple Fuji Regular,4 Nos,D - 1,D - 5,119,
151,11078,Grant Road KFH,85,Green Apple(approx.500g to 650g),4 Nos,D - 1,D - 6,120,
152,11079,Grant Road KFH,1322,Royal Gala Apple(Approx.260g to 300g),2 Nos,D - 1,D - 7,121,
153,11080,Grant Road KFH,3240,Queen Apple(Epli-Italy),4 Nos,D - 1,D - 8,122,
154,11081,Grant Road KFH,5827,Long Black Grapes (Approx. 500 Gm),1 Nos,D - 1,D - 9,123,
155,11105,Grant Road KFH,3234,Zero Maida Bread- 100% Whole Wheat Approx.200g),1 Nos,D - 2,D - 17,147,
156,11106,Grant Road KFH,4439,Toast(Approx.225gm),1 Nos,D - 2,D - 18,148,
157,11107,Grant Road KFH,3235,Garlic Bread Loaf (Approx.200g),1 Nos,D - 2,D - 19,149,
158,11108,Grant Road KFH,5559,Bhagar Cookies,250 g,D - 2,D - 20,150,
159,11109,Grant Road KFH,176,Zucchini Yellow(Approx.150g to 250g),1 Nos,D - 2,D - 21,151,
160,11110,Grant Road KFH,5790,Raw Banana Madras,1 kg,D - 2,D - 22,152,
161,11111,Grant Road KFH,3377,Knol Khol,400 g,D - 2,D - 23,153,
162,11112,Grant Road KFH,248,Papdi Val,250 g,D - 2,D - 24,154,
163,11113,Grant Road KFH,5821,Grapes Black (Approx. 500 Gm),1 Nos,D - 2,D - 25,155,
164,11114,Grant Road KFH,5824,Grapes Thompson (Approx. 250 Gm),1 Nos,D - 2,D - 26,156,
165,11115,Grant Road KFH,2394,Avocado-Indian(app.400g to 500g),2 Nos,D - 2,D - 27,157,
166,11116,Grant Road KFH,661,Healthy Harvest Combo,1 Nos,D - 2,D - 28,158,
167,11117,Grant Road KFH,1622,Pomegranate Premium (Approx. 800g to 900g),4 Nos,D - 2,D - 29,159,
168,11118,Grant Road KFH,247,Washington R.D. Apple Premium (App.640g to 700g),4 Nos,D - 2,D - 30,160,
169,11119,Grant Road KFH,307,Washington R.D. Apple Regular (App.500 g to 640g),4 Nos,D - 2,D - 31,161,
170,11120,Grant Road KFH,1102,Mosambi (Sweet lime)(Approx.800g to 1000g),6 Nos,D - 2,D - 32,162,
171,11137,Grant Road KFH,1295,Neem Stem,4 Nos,D - 3,D - 33,179,
172,11138,Grant Road KFH,5850,Ek Kali Lehsun/Garlic,100 g,D - 3,D - 34,180,
173,11139,Grant Road KFH,5851,Kashmiri Lehsun/Garlic,100 g,D - 3,D - 35,181,
174,11140,Grant Road KFH,4136,Rosemary,50 g,D - 3,D - 36,182,
175,11141,Grant Road KFH,58,Leeks,500 g,D - 3,D - 37,183,
176,11142,Grant Road KFH,117,Betel Leaf,12 Nos,D - 3,D - 38,184,
177,11143,Grant Road KFH,1389,Masala Pack,1 Nos,D - 3,D - 39,185,
178,11144,Grant Road KFH,57,Basil,100 g,D - 3,D - 40,186,
179,11145,Grant Road KFH,4213,Neem Leaves with Stick(Approx.20g),20g,D - 3,D - 41,187,
180,11146,Grant Road KFH,175,Zucchini Green(approx.150g to 250g),1 Nos,D - 3,D - 42,188,
181,11147,Grant Road KFH,148,Celery,200 g,D - 3,D - 43,189,
182,11148,Grant Road KFH,56,Red Cabbage(approx. 300g to 600 g),1 Nos,D - 3,D - 44,190,
183,11149,Grant Road KFH,662,Fruit Harmony Combo,1 Nos,D - 3,D - 45,191,
184,11150,Grant Road KFH,5828,Long Black Grapes (Approx. 250 Gm),1 Nos,D - 3,D - 46,192,
185,11151,Grant Road KFH,5831,Long Black Grapes And Sonaka ( Approx. 250g+250g ),1 Nos,D - 3,D - 47,193,
186,11152,Grant Road KFH,131,Papdi Val,500 g,D - 3,D - 48,194,
187,11089,Grant Road KFH,1113,Banana - Nendran,500 g,E - 1,E - 1,131,
188,11098,Grant Road KFH,4303,Multiseed Bread (Approx.350g),1 Nos,E - 1,E - 10,140,
189,11099,Grant Road KFH,5556,Shingada Cookies,250 g,E - 1,E - 11,141,
190,11100,Grant Road KFH,5558,Rajgira Cookies,250 g,E - 1,E - 12,142,
191,11101,Grant Road KFH,5770,100% Whole wheat jaggery cake - chocolate,350 g,E - 1,E - 13,143,
192,11102,Grant Road KFH,5767,100% Whole wheat jaggery cake - vanilla,350 g,E - 1,E - 14,144,
193,11103,Grant Road KFH,3233,White Bread (Approx.200g),1 Nos,E - 1,E - 15,145,
194,11104,Grant Road KFH,4302,Zero Maida Bread- 100% Whole Wheat (Approx.350g),1 Nos,E - 1,E - 16,146,
195,11090,Grant Road KFH,1149,Banana Poovan,500 g,E - 1,E - 2,132,
196,11091,Grant Road KFH,4253,Imported Avocado-Select,2 Nos,E - 1,E - 3,133,
197,11092,Grant Road KFH,1114,Banana Red,500 g,E - 1,E - 4,134,
198,11093,Grant Road KFH,866,Mosambi (Sweet lime)(Approx.560g to 640g),4 Nos,E - 1,E - 5,135,
199,11094,Grant Road KFH,5723,Apple Pink Lady-Economy,4 Nos,E - 1,E - 6,136,
200,11095,Grant Road KFH,5557,Jawas Cookies,250 g,E - 1,E - 7,137,
201,11096,Grant Road KFH,3236,Pav Ladi (4 Pieces),1 Nos,E - 1,E - 8,138,
202,11097,Grant Road KFH,3237,Brown Ladi Pav (4 Pieces),1 Nos,E - 1,E - 9,139,
203,11121,Grant Road KFH,2634,Pomegranate Premium (Approx. 400-420gm),2 Nos,E - 2,E - 17,163,
204,11122,Grant Road KFH,825,Mosambi (Sweet lime) (Approx.8-10 Nos),1 kg,E - 2,E - 18,164,
205,11123,Grant Road KFH,350,Dragonfruit White-Imported(Approx.250gm),1 Nos,E - 2,E - 19,165,
206,11124,Grant Road KFH,865,Pomegranate(Approx.720g to 800g),4 Nos,E - 2,E - 20,166,
207,11125,Grant Road KFH,1104,Pomegranate(Approx.960g to 1080g),6 Nos,E - 2,E - 21,167,
208,11126,Grant Road KFH,1448,Premium Mosambi (Sweet lime)(Approx.600g to 740g),4 Nos,E - 2,E - 22,168,
209,11127,Grant Road KFH,111,Dry Ginger (Suntha),100 g,E - 2,E - 23,169,
210,11128,Grant Road KFH,136,Betel Nut,6 Nos,E - 2,E - 24,170,
211,11129,Grant Road KFH,129,Broad Beans,500 g,E - 2,E - 25,171,
212,11130,Grant Road KFH,5685,Steamed Sweet Corn Cob,1 Nos,E - 2,E - 26,172,
213,11131,Grant Road KFH,808,Broad Beans.,250 g,E - 2,E - 27,173,
214,11132,Grant Road KFH,406,Red Radish,500 g,E - 2,E - 28,174,
215,11133,Grant Road KFH,2393,Mangalore/Colour Cucumber(Approx.500g-900g),1 Nos,E - 2,E - 29,175,
216,11134,Grant Road KFH,4250,Sweet lime -Select,4 Nos,E - 2,E - 30,176,
217,11135,Grant Road KFH,4251,Thai Guava-Select,4 Nos,E - 2,E - 31,177,
218,11136,Grant Road KFH,294,Lotus Stem,250 g,E - 2,E - 32,178,
219,11153,Grant Road KFH,314,Fresh Turmeric,250 g,E - 3,E - 33,195,
220,11154,Grant Road KFH,5832,Mix Grapes Combo(Sonaka250g+Black250g+Red Flam250g,1 Nos,E - 3,E - 34,196,
221,11155,Grant Road KFH,1103,Pear Red Beauty (Approx.550g to 625g),4 Nos,E - 3,E - 35,197,
222,11156,Grant Road KFH,394,Sunmelon(Approx.600g to 1000g),1 Nos,E - 3,E - 36,198,
223,11157,Grant Road KFH,347,Muskmelon-Honeydew(App.500g to 700g),1 Nos,E - 3,E - 37,199,
224,11158,Grant Road KFH,2257,Muskmelon Strip (Approx. 500g to 550g),1 Nos,E - 3,E - 38,200,
225,11159,Grant Road KFH,4453,Sweet Apple USA,4 Nos,E - 3,E - 39,201,
226,11160,Grant Road KFH,5600,Royal Gala Apple Regular Indian-2Pc (240gm-280gm),250 g,E - 3,E - 40,202,
227,11161,Grant Road KFH,5467,Oranges Small,1 kg,E - 3,E - 41,203,
228,11162,Grant Road KFH,421,Thai Guava(appr.400g to 600g),1 Nos,E - 3,E - 42,204,
229,11163,Grant Road KFH,4602,Orange Regular,1 kg,E - 3,E - 43,205,
230,11164,Grant Road KFH,64,Golden Kiwi-Zespri,3 Nos,E - 3,E - 44,206,
231,11165,Grant Road KFH,114,Red Dragonfruit Indian(approx.225g to 300g),1 Nos,E - 3,E - 45,207,
232,11166,Grant Road KFH,5693,Thai Guava Pink,1 Nos,E - 3,E - 46,208,
233,11167,Grant Road KFH,823,Aloevera(Approx. 100g),1 Nos,E - 3,E - 47,209,
234,11168,Grant Road KFH,5463,Potato Red,1 kg,E - 3,E - 48,210,
235,11169,Grant Road KFH,1207,Suran (Yam),250 g,F - 1,F - 1,211,
236,11178,Grant Road KFH,466,Banana Leaf,1 Nos,F - 1,F - 10,220,
237,11179,Grant Road KFH,3101,Safflower Leaves (Kardai),200 g,F - 1,F - 11,221,
238,11180,Grant Road KFH,462,Mix Bell Pepper(approx. 250g to 350g),2 Nos,F - 1,F - 12,222,
239,11181,Grant Road KFH,1399,Pumpkin Disco (approx. 400g to 500g),1 Nos,F - 1,F - 13,223,
240,11182,Grant Road KFH,757,Banana Flower(Approx.350g to 400g),1 Nos,F - 1,F - 14,224,
241,11183,Grant Road KFH,315,Chilli Bhajji,250 g,F - 1,F - 15,225,
242,11184,Grant Road KFH,467,Banana Stem,1 Nos,F - 1,F - 16,226,
243,11170,Grant Road KFH,115,Neem leaves,1 Nos,F - 1,F - 2,212,
244,11171,Grant Road KFH,344,Apricot Dried(200gm),1 Nos,F - 1,F - 3,213,
245,11172,Grant Road KFH,4448,Pomegranate-Select,2 Nos,F - 1,F - 4,214,
246,11173,Grant Road KFH,603,Pear Green Beauty(Approx.550g to 625g),4 Nos,F - 1,F - 5,215,
247,11174,Grant Road KFH,139,Pineapple(Approx.650g to 800g),1 Nos,F - 1,F - 6,216,
248,11175,Grant Road KFH,2952,Pomegranate Jumbo (Approx. 580g to 620g),2 Nos,F - 1,F - 7,217,
249,11176,Grant Road KFH,2635,Mosambi Regular (Approx 300-320gm),2 Nos,F - 1,F - 8,218,
250,11177,Grant Road KFH,113,Aloevera-1Nos,1 Nos,F - 1,F - 9,219,
251,11185,Grant Road KFH,3560,Coriander Bunch 200gm-250gm,1 Nos,F - 2,F - 17,227,
252,11186,Grant Road KFH,3562,Methi Bunch 300gm-400gm,1 Nos,F - 2,F - 18,228,
253,11187,Grant Road KFH,73,Mint Bunch 100gm-125gm,1 Nos,F - 2,F - 19,229,
254,11188,Grant Road KFH,1297,Ber - Chameli,500 g,F - 2,F - 20,231,
255,11189,Grant Road KFH,54,Red Bell Pepper(approx. 250g to 350g),2 Nos,F - 2,F - 21,232,
256,11190,Grant Road KFH,5830,Red Flame & Sonaka Grapes Combo (Approx.250g+250),1 Nos,F - 2,F - 22,233,
257,11191,Grant Road KFH,91,Suran (Yam),500 g,F - 2,F - 23,234,
258,11192,Grant Road KFH,606,Orange Imported 2Nos Combo,2 Nos,F - 2,F - 24,235,
259,11193,Grant Road KFH,1206,Apple Ber,250 g,F - 2,F - 25,236,
260,11194,Grant Road KFH,468,Raw Mango,500 g,F - 2,F - 26,237,
261,11195,Grant Road KFH,61,Oranges Imported (app.600g to 680g),4 Nos,F - 2,F - 27,238,
262,11196,Grant Road KFH,135,Sweet Tamarind,200 g,F - 2,F - 28,239,
263,11197,Grant Road KFH,306,Economy Royal Gala Apple (approx.450g to 500g),4 Nos,F - 2,F - 29,240,
264,11198,Grant Road KFH,3318,Sugarcane,1 Nos,F - 2,F - 30,241,
265,11199,Grant Road KFH,305,Baby Oranges Imported,500 g,F - 2,F - 31,242,
266,11200,Grant Road KFH,186,Apple Kinnaur,1 kg,F - 2,F - 32,243,
267,11232,Grant Road KFH,1198,Sambhar Onion,250 g,G - 1,G - 1,275,
268,11241,Grant Road KFH,538,Palak (Cleaned and Packed),200 g,G - 1,G - 10,284,
269,11242,Grant Road KFH,537,Methi (Cleaned and Packed),200 g,G - 1,G - 11,285,
270,11243,Grant Road KFH,539,Mint (Cleaned and Packed),100 g,G - 1,G - 12,286,
271,11244,Grant Road KFH,40,Aluche Pane(Colocasia Leaf),5 Nos,G - 1,G - 13,287,
272,11245,Grant Road KFH,93,Spring Onion(Approx.250g),250 g,G - 1,G - 14,288,
273,11246,Grant Road KFH,5553,Allu Leaves with Stem,5 Nos,G - 1,G - 15,289,
274,11247,Grant Road KFH,2385,Tandulsa Leaves,200 g,G - 1,G - 16,290,
275,11233,Grant Road KFH,3182,Onion Small New,1 kg,G - 1,G - 2,276,
276,11234,Grant Road KFH,5494,Onion-Small,500 g,G - 1,G - 3,277,
277,11235,Grant Road KFH,4554,Garlic Chives,50 g,G - 1,G - 4,278,
278,11236,Grant Road KFH,4373,Ambat Chuka,200 g,G - 1,G - 5,279,
279,11237,Grant Road KFH,187,Amaranthus Red - Lal Math,200 g,G - 1,G - 6,280,
280,11238,Grant Road KFH,872,Shepu,200 g,G - 1,G - 7,281,
281,11239,Grant Road KFH,188,Amaranthus Green - Green Math,200 g,G - 1,G - 8,282,
282,11240,Grant Road KFH,1180,Coriander(Cleaned and Packed),100 g,G - 1,G - 9,283,
283,11248,Grant Road KFH,1427,Mustard Leaves (Sarson ka Saag),200 g,G - 2,G - 17,291,
284,11249,Grant Road KFH,334,Amaranthus Red - Lal Math(Approx.200g),1 Nos,G - 2,G - 18,292,
285,11250,Grant Road KFH,2179,Ratnagiri Baby Alphonso Mango(app.160g to 180g),1 Nos,G - 2,G - 19,293,
286,11251,Grant Road KFH,4584,Ratnagiri Delight Alphonso Mango(app.180 to 200g),12 Nos,G - 2,G - 20,294,
287,11252,Grant Road KFH,4587,Ratnagiri Royal Alphonso Mango(app.200g to 225g),12 Nos,G - 2,G - 21,295,
288,11253,Grant Road KFH,4588,Ratnagiri King Alphonso Mango (app. 225-260 Gm),12 Nos,G - 2,G - 22,296,
289,11254,Grant Road KFH,5869,Ratnagiri Baby Alphonso Mango(app.160g to 180g),12 Nos,G - 2,G - 23,297,
290,11255,Grant Road KFH,5871,Ratnagiri Alphonso Mango(135g-160g )Buy12P+4P Free,16 Nos,G - 2,G - 24,298,
291,11256,Grant Road KFH,1420,Rockit Apple - 5Pcs,1 Nos,G - 2,G - 25,299,
292,11257,Grant Road KFH,4561,Ratnagiri Delight Alphonso Mango(app.180 to 200g),6 Nos,G - 2,G - 26,300,
293,11258,Grant Road KFH,4562,Ratnagiri Royal Alphonso Mango(app.200g to 225g),6 Nos,G - 2,G - 27,301,
294,11259,Grant Road KFH,4563,Ratnagiri King Alphonso Mango (app. 225-260 Gm),6 Nos,G - 2,G - 28,302,
295,11260,Grant Road KFH,4583,Ratnagiri Baby Alphonso Mango(app.160g to 180g),6 Nos,G - 2,G - 29,303,
296,11261,Grant Road KFH,784,Brinjal Bharata-Palampuri,500 g,G - 2,G - 30,304,
297,11262,Grant Road KFH,4573,Ratnagiri Delight Alphonso Mango(app.180 to 200g),2 Nos,G - 2,G - 31,306,
298,11263,Grant Road KFH,4575,Ratnagiri King Alphonso Mango (app. 225-260 Gm),2 Nos,G - 2,G - 32,307,
299,11264,Grant Road KFH,4581,Ratnagiri Baby Alphonso Mango(app.160g to 180g),2 Nos,G - 2,G - 33,308,
300,11265,Grant Road KFH,4585,Ratnagiri Royal Alphonso Mango(app.200g to 225g),2 Nos,G - 2,G - 34,309,
301,11266,Grant Road KFH,255,Chatpata Ajwain Nimki (Mathri),150g,H - 1,H - 1,310,
302,11275,Grant Road KFH,4414,Til Gud Ladoo,200 g,H - 1,H - 10,319,
303,11276,Grant Road KFH,3571,Murmura,150g,H - 1,H - 11,320,
304,11277,Grant Road KFH,433,Makke Ka Chiwda,150g,H - 1,H - 12,321,
305,11278,Grant Road KFH,1692,Rice Chakli Sticks.,300 g,H - 1,H - 13,322,
306,11279,Grant Road KFH,1179,Suji(Rava) Ladoo,250 g,H - 1,H - 14,323,
307,11280,Grant Road KFH,4379,Salted Peanut,150g,H - 1,H - 15,324,
308,11281,Grant Road KFH,5729,Karwand Pickle,200 g,H - 1,H - 16,325,
309,11282,Grant Road KFH,4124,Banana Chips - Salted,100 g,H - 1,H - 17,326,
310,11283,Grant Road KFH,2667,Chirote,250 g,H - 1,H - 18,327,
311,11284,Grant Road KFH,258,Flax Seed(Jawas) Chutney,50 g,H - 1,H - 19,328,
312,11267,Grant Road KFH,3122,Bhajani Chakli,400 g,H - 1,H - 2,311,
313,11285,Grant Road KFH,263,Garlic Shev,150g,H - 1,H - 20,329,
314,11286,Grant Road KFH,385,Roasted Soya(Salty),100 g,H - 1,H - 21,330,
315,11287,Grant Road KFH,1173,Til-Groundnut Ladoo,250 g,H - 1,H - 22,331,
316,11288,Grant Road KFH,655,Amla Chunda,300 g,H - 1,H - 23,332,
317,11289,Grant Road KFH,654,Amla Pickle,250 g,H - 1,H - 24,333,
318,11290,Grant Road KFH,1688,Solapuri Shengdana Chutney,100 g,H - 1,H - 25,334,
319,11291,Grant Road KFH,4541,Desi Masala Bites,100 g,H - 1,H - 26,335,
320,11292,Grant Road KFH,2666,Chirote,125g,H - 1,H - 27,336,
321,11293,Grant Road KFH,269,Curry Leaves Chutney,50 g,H - 1,H - 28,337,
322,11294,Grant Road KFH,207,Poha Chiwda,200 g,H - 1,H - 29,338,
323,11268,Grant Road KFH,4170,Bhavnagri Gathiya,90g,H - 1,H - 3,312,
324,11295,Grant Road KFH,869,Coconut Ladoo,150g,H - 1,H - 30,339,
325,11296,Grant Road KFH,5585,Kumkum,75g,H - 1,H - 31,340,
326,11297,Grant Road KFH,366,Masala Khakara,200 g,H - 1,H - 32,341,
327,11298,Grant Road KFH,4168,Nashik Bhakarwadi,100 g,H - 1,H - 33,342,
328,11299,Grant Road KFH,262,Karale (Khurasni) Chutney,50 g,H - 1,H - 34,343,
329,11300,Grant Road KFH,259,Til Chutney,50 g,H - 1,H - 35,344,
330,11301,Grant Road KFH,1468,Sattu Ladoo,200 g,H - 1,H - 36,345,
331,11302,Grant Road KFH,210,Besan Ladoo,250 g,H - 1,H - 37,346,
332,11303,Grant Road KFH,365,Ghee Plain Khakara,200 g,H - 1,H - 38,347,
333,11304,Grant Road KFH,3379,Ayurvedic Mukhwas,100 g,H - 1,H - 39,348,
334,11269,Grant Road KFH,4163,Mini Bhakarwadi,100 g,H - 1,H - 4,313,
335,11305,Grant Road KFH,3570,Sukha Bhel,200 g,H - 1,H - 40,349,
336,11306,Grant Road KFH,288,Kolhapuri Bhadang,150g,H - 1,H - 41,350,
337,11307,Grant Road KFH,4380,Roasted Chana (Salty),150g,H - 1,H - 42,351,
338,11308,Grant Road KFH,384,Roasted Wheat(Masala),100 g,H - 1,H - 43,352,
339,11309,Grant Road KFH,794,Hirve Moong/Green Gram,1 kg,H - 1,H - 44,353,
340,11310,Grant Road KFH,795,Moong Dal,1 kg,H - 1,H - 45,354,
341,11311,Grant Road KFH,2352,Soyawadi,200 g,H - 1,H - 46,355,
342,11312,Grant Road KFH,2414,Kashmiri chilli powder,100 g,H - 1,H - 47,356,
343,11313,Grant Road KFH,1171,Kharik Khobra Ladoo,250 g,H - 1,H - 48,357,
344,11270,Grant Road KFH,367,Methi Khakara,200 g,H - 1,H - 5,314,
345,11271,Grant Road KFH,309,Groundnut Gud Chikki,200 g,H - 1,H - 6,315,
346,11272,Grant Road KFH,1128,Shakarpare,200 g,H - 1,H - 7,316,
347,11273,Grant Road KFH,1239,Karanji,300 g,H - 1,H - 8,317,
348,11274,Grant Road KFH,355,Garlic Groundnut Chutney,50 g,H - 1,H - 9,318,
349,11314,Grant Road KFH,868,Mohanthal,200 g,H - 2,H - 49,358,
350,11315,Grant Road KFH,812,Maharashtra Special Wheat Atta,1 kg,H - 2,H - 50,359,
351,11316,Grant Road KFH,196,Raw Peanuts/Kacche Shengdane,500 g,H - 2,H - 51,360,
352,11317,Grant Road KFH,789,Indrayani Rice,1 kg,H - 2,H - 52,361,
353,11318,Grant Road KFH,1718,Suji / Rava Barik,500 g,H - 2,H - 53,362,
354,11319,Grant Road KFH,291,Jaggery (Approx.900g to 1000g),1 Nos,H - 2,H - 54,363,
355,11320,Grant Road KFH,2278,Sharbati Wheat Atta,1 kg,H - 2,H - 55,364,
356,11321,Grant Road KFH,1705,Masoor Dal,500 g,H - 2,H - 56,365,
357,11322,Grant Road KFH,2631,Punjabi Wheat Atta,1 kg,H - 2,H - 57,366,
358,11323,Grant Road KFH,1713,Poha Thick(Jada),500 g,H - 2,H - 58,367,
359,11324,Grant Road KFH,1737,Wada Kolam Rice.,1 kg,H - 2,H - 59,368,
360,11325,Grant Road KFH,2364,Besan,500 g,H - 2,H - 60,369,
361,11326,Grant Road KFH,1716,Chana Dal,500 g,H - 2,H - 61,370,
362,11327,Grant Road KFH,790,Ambemohar Rice,1 kg,H - 2,H - 62,371,
363,11328,Grant Road KFH,1445,Multi Millet Bhakari Atta,500 g,H - 2,H - 63,372,
364,11329,Grant Road KFH,2326,Sona Masoori Rice,1 kg,H - 2,H - 64,373,
365,11330,Grant Road KFH,2397,Jeera / Cumin,100 g,H - 2,H - 65,374,
366,11331,Grant Road KFH,1578,Ragi Millet Flour,500 g,H - 2,H - 66,375,
367,11332,Grant Road KFH,898,Whole Wheat-(Khapli Wheat),1 kg,H - 2,H - 67,376,
368,11333,Grant Road KFH,2279,Lokwan Wheat Atta,1 kg,H - 2,H - 68,377,
369,11334,Grant Road KFH,2323,Kabuli Chana Regular,500 g,H - 2,H - 69,378,
370,11335,Grant Road KFH,5598,Red matta rice,1 kg,H - 2,H - 70,379,
371,11336,Grant Road KFH,2340,Mogra Basmati Rice,1 kg,H - 2,H - 71,380,
372,11337,Grant Road KFH,3307,Surti kolam rice,1 kg,H - 2,H - 72,381,
373,11338,Grant Road KFH,4403,Moong Dal,500 g,H - 2,H - 73,382,
374,11339,Grant Road KFH,1712,Dalia/Wheat Broken/Lapsi,500 g,H - 2,H - 74,383,
375,11340,Grant Road KFH,1939,Mix Seeds,200 g,H - 2,H - 75,384,
376,11341,Grant Road KFH,2176,Hirve Moong Dal Chilka,500 g,H - 2,H - 76,385,
377,11342,Grant Road KFH,2362,Maida,1 kg,H - 2,H - 77,386,
378,11343,Grant Road KFH,2478,Turmeric Powder ( Haldi Powder),200 g,H - 2,H - 78,387,
379,11344,Grant Road KFH,1708,Chawali,500 g,H - 2,H - 79,388,
380,11345,Grant Road KFH,1717,Wheat Sihor/Gahu Sihor,2 kg,H - 2,H - 80,389,
381,11346,Grant Road KFH,1467,Sattu Atta,500 g,H - 2,H - 81,390,
382,11347,Grant Road KFH,1657,Thalipeeth Bhajani,500 g,H - 2,H - 82,391,
383,11348,Grant Road KFH,2322,Rajma Chitra,500 g,H - 2,H - 83,392,
384,11349,Grant Road KFH,796,Tur/Toor Dal,1 kg,H - 2,H - 84,393,
385,11350,Grant Road KFH,814,Jawar/Jowar Atta (Flour),1 kg,H - 2,H - 85,394,
386,11351,Grant Road KFH,847,Bajra Atta(Flour),500 g,H - 2,H - 86,395,
387,11352,Grant Road KFH,896,Rice Atta,1 kg,H - 2,H - 87,396,
388,11353,Grant Road KFH,2383,Sharbati Wheat Atta 5kg,5 kg,H - 2,H - 88,397,
389,11354,Grant Road KFH,2354,Soyabean,500 g,H - 2,H - 89,398,
390,11355,Grant Road KFH,2409,Fenugreek (Methi Seeds),200 g,H - 2,H - 90,399,
391,11356,Grant Road KFH,2475,Long Grain Rice (Parmal),1 kg,H - 2,H - 91,400,
392,11357,Grant Road KFH,3058,Chinnor Kalimuch Rice,1 kg,H - 2,H - 92,401,
393,11358,Grant Road KFH,4404,Tur/Toor Dal,500 g,H - 2,H - 93,402,
394,11359,Grant Road KFH,198,Sabudana Big/Motha,1 kg,H - 2,H - 94,403,
395,11360,Grant Road KFH,1704,Masoor Whole,500 g,H - 2,H - 95,404,
396,11361,Grant Road KFH,1706,Urad Dal,500 g,H - 2,H - 96,405,
397,11365,Grant Road KFH,2349,Idli Rice,1 kg,H - 3,H - 100,409,
398,11366,Grant Road KFH,2351,Ponni Boiled Rice,1 kg,H - 3,H - 101,410,
399,11367,Grant Road KFH,5445,Bay leaf / Tej patta,50 g,H - 3,H - 102,411,
400,11368,Grant Road KFH,2226,Indrayani Rice 5kg,5 kg,H - 3,H - 103,412,
401,11369,Grant Road KFH,2427,Lokwan Wheat Atta 5kg,5 kg,H - 3,H - 104,413,
402,11370,Grant Road KFH,5692,Atta Nankhatai,150g,H - 3,H - 105,414,
403,11371,Grant Road KFH,1446,Multi Millet Roti Atta,500 g,H - 3,H - 106,415,
404,11372,Grant Road KFH,2228,Ambemohar Rice 5kg,5 kg,H - 3,H - 107,416,
405,11373,Grant Road KFH,899,Khapali Wheat Atta,1 kg,H - 3,H - 108,417,
406,11374,Grant Road KFH,3304,Mini Mogra- Basmati Rice,1 kg,H - 3,H - 109,418,
407,11375,Grant Road KFH,3306,Dubar- Basmati Rice,1 kg,H - 3,H - 110,419,
408,11376,Grant Road KFH,848,Jawar/Jowar Atta (Flour),500 g,H - 3,H - 111,420,
409,11377,Grant Road KFH,2332,Biryani Basmati Rice,1 kg,H - 3,H - 112,421,
410,11378,Grant Road KFH,2335,Traditional Basmati Rice,1 kg,H - 3,H - 113,422,
411,11379,Grant Road KFH,2337,Basmati Pulav Rice,1 kg,H - 3,H - 114,423,
412,11380,Grant Road KFH,2348,Brown Basmati Rice,1 kg,H - 3,H - 115,424,
413,11381,Grant Road KFH,2350,Jeerasar Rice,1 kg,H - 3,H - 116,425,
414,11382,Grant Road KFH,2355,Sella Basmati Rice,1 kg,H - 3,H - 117,426,
415,11383,Grant Road KFH,2473,Lachkari steam kolam rice,1 kg,H - 3,H - 118,427,
416,11384,Grant Road KFH,2632,Punjabi Wheat Atta 5kg,5 kg,H - 3,H - 119,428,
417,11385,Grant Road KFH,5586,Gulal,100 g,H - 3,H - 120,429,
418,11386,Grant Road KFH,4127,Lemon Crush Pickle,250 g,H - 3,H - 121,430,
419,11387,Grant Road KFH,4164,Dal moth,100 g,H - 3,H - 122,431,
420,11388,Grant Road KFH,4557,Kokum Jeera,250 ml,H - 3,H - 123,432,
421,11389,Grant Road KFH,407,Chilli Pickle,200 g,H - 3,H - 124,433,
422,11390,Grant Road KFH,1244,Garlic Pickle,200 g,H - 3,H - 125,434,
423,11391,Grant Road KFH,260,Groundnut Chutney,50 g,H - 3,H - 126,435,
424,11392,Grant Road KFH,2630,Rawa (Jada),500 g,H - 3,H - 127,436,
425,11393,Grant Road KFH,2359,Black Salt / Kala Namak,200 g,H - 3,H - 128,437,
426,11394,Grant Road KFH,2401,Coriander Seeds (Dhaniya Whole),200 g,H - 3,H - 129,438,
427,11395,Grant Road KFH,2402,Rai / Mustard Small,200 g,H - 3,H - 130,439,
428,11396,Grant Road KFH,2405,Cloves (Lawang),50 g,H - 3,H - 131,440,
429,11397,Grant Road KFH,2416,White Til ( Sesame Seeds),100 g,H - 3,H - 132,441,
430,11398,Grant Road KFH,2420,Flax Seeds (Alsi),100 g,H - 3,H - 133,442,
431,11399,Grant Road KFH,2426,Saunf- Big/ Fennel Seeds,100 g,H - 3,H - 134,443,
432,11400,Grant Road KFH,3301,Dhania Powder/Coriander Powder,100 g,H - 3,H - 135,444,
433,11401,Grant Road KFH,1444,Udad Papad,200 g,H - 3,H - 136,445,
434,11402,Grant Road KFH,197,Sama/Bhagar,500 g,H - 3,H - 137,446,
435,11403,Grant Road KFH,1711,Matki/Moth,500 g,H - 3,H - 138,447,
436,11404,Grant Road KFH,2398,Green Cardamom (Elachi),50 g,H - 3,H - 139,448,
437,11405,Grant Road KFH,787,Whole Wheat(Maharashtra Special),2 kg,H - 3,H - 140,449,
438,11406,Grant Road KFH,791,Bajara/Bajari,1 kg,H - 3,H - 141,450,
439,11407,Grant Road KFH,1573,Ragi Millet Whole,500 g,H - 3,H - 142,451,
440,11408,Grant Road KFH,1618,Jowar Poha,500 g,H - 3,H - 143,452,
441,11409,Grant Road KFH,3362,Almond / Badam,100 g,H - 3,H - 144,453,
442,11362,Grant Road KFH,1714,Sugar (Refined),1 kg,H - 3,H - 97,406,
443,11363,Grant Road KFH,2232,Poha Thick ( Jada),1 kg,H - 3,H - 98,407,
444,11364,Grant Road KFH,2329,Steam HMT Kolam Rice,1 kg,H - 3,H - 99,408,
445,11410,Grant Road KFH,2272,Walnut Kernel / Akharot Giri,200 g,H - 4,H - 145,454,
446,11411,Grant Road KFH,3363,Raisins Indian / Indian Kishmish,100 g,H - 4,H - 146,455,
447,11412,Grant Road KFH,1933,Dates Red / Laal Khajur - seeded,500 g,H - 4,H - 147,456,
448,11413,Grant Road KFH,2215,Mix Dryfruits Tukda,200 g,H - 4,H - 148,457,
449,11414,Grant Road KFH,2205,Cashew / Kaju,200 g,H - 4,H - 149,458,
450,11415,Grant Road KFH,2206,Almond / Badam,200 g,H - 4,H - 150,459,
451,11416,Grant Road KFH,2207,Salted Pista - Irani,200 g,H - 4,H - 151,460,
452,11417,Grant Road KFH,4400,Almond (Independent-Economy Range),500 g,H - 4,H - 152,461,
453,11418,Grant Road KFH,4435,Cashew ( Economy Range),400 g,H - 4,H - 153,462,
454,11419,Grant Road KFH,3143,Cold Pressed Sunflower Oil,1 Ltr,H - 4,H - 154,463,
455,11420,Grant Road KFH,470,Cold-pressed Coconut Oil,500ml,H - 4,H - 155,464,
456,11421,Grant Road KFH,472,Cold-pressed Mustard Oil,500ml,H - 4,H - 156,465,
457,11422,Grant Road KFH,471,Cold-pressed Groundnut Oil,500ml,H - 4,H - 157,466,
458,11423,Grant Road KFH,473,Cold-pressed Safflower Oil,500ml,H - 4,H - 158,467,
459,11424,Grant Road KFH,2242,Fig Honey Jam(Approx.200g),1 Nos,H - 4,H - 159,468,
460,11425,Grant Road KFH,2320,Rajma Kashmiri,500 g,H - 4,H - 160,469,
461,11426,Grant Road KFH,1928,Green Pista,100 g,H - 4,H - 161,470,
462,11427,Grant Road KFH,1439,Sabudana Batata Papad,200 g,H - 4,H - 162,471,
463,11428,Grant Road KFH,5587,Cotton Bati,1 Nos,H - 4,H - 163,472,
464,11429,Grant Road KFH,1937,Mamra Badam,100 g,H - 4,H - 164,473,
465,11430,Grant Road KFH,1938,Mix Nuts & Seed,200 g,H - 4,H - 165,474,
466,11431,Grant Road KFH,1916,Batata Poha Palak Papad,200 g,H - 4,H - 166,475,
467,11432,Grant Road KFH,2210,Black Raisins / Kala Kishmish - Seedless,200 g,H - 4,H - 167,476,
468,11433,Grant Road KFH,2211,Indian Raisins,200 g,H - 4,H - 168,477,
469,11434,Grant Road KFH,5447,Forest Honey,250 g,H - 4,H - 169,478,
470,11435,Grant Road KFH,2213,Dry Dates Yellow,200 g,H - 4,H - 170,479,
471,11436,Grant Road KFH,2214,Drydates Tukda/Slice,200 g,H - 4,H - 171,480,
472,11437,Grant Road KFH,2208,Dry fig / Sukha Anjeer,200 g,H - 4,H - 172,481,
473,11438,Grant Road KFH,5691,Ragi Cookies,250 g,H - 4,H - 173,482,
474,11439,Grant Road KFH,5743,Red Chilli Tikhalal powder,75g,H - 4,H - 174,483,
475,11440,Grant Road KFH,5788,Gunpowder Podi,50 g,H - 4,H - 175,484,
476,11441,Grant Road KFH,5740,Dhania Powder/Coriander Powder,75g,H - 4,H - 176,485,
477,11442,Grant Road KFH,4215,Besan Churma Ladoo,250 g,H - 4,H - 177,486,
478,11443,Grant Road KFH,1441,Tandul Papad,200 g,H - 4,H - 178,487,
479,11444,Grant Road KFH,1907,Batata Poha Tomato Papad,200 g,H - 4,H - 179,488,
480,11445,Grant Road KFH,3361,Cashew / Kaju,100 g,H - 4,H - 180,489,
481,11446,Grant Road KFH,4434,Raisins ( Economy Range),500 g,H - 4,H - 181,490,
482,11447,Grant Road KFH,4550,Almond / Badam,400 g,H - 4,H - 182,491,
483,11448,Grant Road KFH,2346,Black Urad Whole,500 g,H - 4,H - 183,492,
484,11449,Grant Road KFH,2403,Dalchini /Cassia Taj ( Cinnamon ),50 g,H - 4,H - 184,493,
485,11450,Grant Road KFH,2415,Desiccated Coconut Powder,200 g,H - 4,H - 185,494,
486,11451,Grant Road KFH,2417,Chia Seeds,100 g,H - 4,H - 186,495,
487,11452,Grant Road KFH,2421,Sunflower Seeds,100 g,H - 4,H - 187,496,
488,11453,Grant Road KFH,2425,Kalonji,100 g,H - 4,H - 188,497,
489,11454,Grant Road KFH,3053,Sesame seeds (Kala Til),100 g,H - 4,H - 189,498,
490,11455,Grant Road KFH,4405,Hirve Moong/Green Gram,500 g,H - 4,H - 190,499,
491,11456,Grant Road KFH,1243,Cold-pressed Groundnut-Oil,1 Ltr,H - 4,H - 191,500,
492,11457,Grant Road KFH,3057,Cold Pressed Sunflower Oil,500ml,H - 4,H - 192,501,
493,11458,Grant Road KFH,5702,Fulvati,15g,H - 5,H - 193,502,
494,11459,Grant Road KFH,1176,Dry Fruits Ladoo,250 g,H - 5,H - 194,503,
495,11460,Grant Road KFH,1238,Coconut Gulkand Ladoo,200 g,H - 5,H - 195,504,
496,11461,Grant Road KFH,1178,Oats Ladoo,250 g,H - 5,H - 196,505,
497,11462,Grant Road KFH,5581,Pooja Supari (red) (Approx 22-24 pcs ),75g,H - 5,H - 197,506,
498,11463,Grant Road KFH,5582,Almonds (whole almonds),75g,H - 5,H - 198,507,
499,11464,Grant Road KFH,5583,Halkund,75g,H - 5,H - 199,508,
500,11465,Grant Road KFH,3317,PuranPoli(Pack of 2 Pieces),1 Nos,H - 5,H - 200,509,
501,11466,Grant Road KFH,5588,Rice,100 g,H - 5,H - 201,510,
502,11467,Grant Road KFH,594,Mango Pickle,200 g,H - 5,H - 202,511,
503,11468,Grant Road KFH,649,Chatpata Amla Candy,200 g,H - 5,H - 203,512,
504,11469,Grant Road KFH,849,Farali Chiwda,125g,H - 5,H - 204,513,
505,11470,Grant Road KFH,870,Upwas Bhajani,250 g,H - 5,H - 205,514,
506,11471,Grant Road KFH,1137,Chilli Lemon Pickle,200 g,H - 5,H - 206,515,
507,11472,Grant Road KFH,1664,Solapuri Kala Masala,100 g,H - 5,H - 207,516,
508,11473,Grant Road KFH,1948,Bajra Papad,200 g,H - 5,H - 208,517,
509,11474,Grant Road KFH,1949,Makka Papad,200 g,H - 5,H - 209,518,
510,11475,Grant Road KFH,1672,Misal Masala,100 g,H - 5,H - 210,519,
511,11476,Grant Road KFH,1680,Dhokla Mix,200 g,H - 5,H - 211,520,
512,11477,Grant Road KFH,1682,Moong Pakora Mix,200 g,H - 5,H - 212,521,
513,11478,Grant Road KFH,1912,Masala Chilli Udad Papad,200 g,H - 5,H - 213,522,
514,11479,Grant Road KFH,1913,Kasurimethi Lasoon Udad Papad,200 g,H - 5,H - 214,523,
515,11480,Grant Road KFH,1438,Sabudana Papad,200 g,H - 5,H - 215,524,
516,11481,Grant Road KFH,1440,Nagali Papad,200 g,H - 5,H - 216,525,
517,11482,Grant Road KFH,1606,Jowar Puffs(Periperi),80g,H - 5,H - 217,526,
518,11483,Grant Road KFH,1607,Jowar Puffs(Panipuri),80g,H - 5,H - 218,527,
519,11484,Grant Road KFH,1608,Jowar Puffs(Masala Munch),80g,H - 5,H - 219,528,
520,11485,Grant Road KFH,1609,Ragi Puffs(Masala Munch),80g,H - 5,H - 220,529,
521,11486,Grant Road KFH,368,Panipuri Khakara,200 g,H - 5,H - 221,530,
522,11487,Grant Road KFH,3378,Multi Seeds Mukhwas,100 g,H - 5,H - 222,531,
523,11488,Grant Road KFH,3380,Caramel Jaggery Makhana,50 g,H - 5,H - 223,532,
524,11489,Grant Road KFH,3381,Makhana Blackpepper,30g,H - 5,H - 224,533,
525,11490,Grant Road KFH,3382,Makhana Spicy,30g,H - 5,H - 225,534,
526,11491,Grant Road KFH,3395,Kokum Syrup,1000ml,H - 5,H - 226,535,
527,11492,Grant Road KFH,3569,Shev Papdi,200 g,H - 5,H - 227,536,
528,11493,Grant Road KFH,3572,Bhadang Murmura,150g,H - 5,H - 228,537,
529,11494,Grant Road KFH,4141,Kokum Agal,1000ml,H - 5,H - 229,538,
530,11495,Grant Road KFH,4165,Chickpea puffs (Lime & Sriracha),40g,H - 5,H - 230,539,
531,11496,Grant Road KFH,4166,Cheese ball,100 g,H - 5,H - 231,540,
532,11497,Grant Road KFH,4169,Kanda bhaji,50 g,H - 5,H - 232,541,
533,11498,Grant Road KFH,4172,Masala boondi,125g,H - 5,H - 233,542,
534,11499,Grant Road KFH,4173,Boondi,125g,H - 5,H - 234,543,
535,11500,Grant Road KFH,4340,Roasted Poha Chiwda,250 g,H - 5,H - 235,544,
536,11501,Grant Road KFH,4558,Pink Lemonade,250 ml,H - 5,H - 236,545,
537,11502,Grant Road KFH,1241,Nylon Sev,200 g,H - 5,H - 237,546,
538,11503,Grant Road KFH,1654,Lemon Bhel,150g,H - 5,H - 238,547,
539,11504,Grant Road KFH,257,Black Pepper Nimki(Mathri),150g,H - 5,H - 239,548,
540,11505,Grant Road KFH,311,Crush Groundnut Gud Chikki,200 g,H - 5,H - 240,549,
541,11506,Grant Road KFH,353,Masala Peanut,100 g,H - 6,H - 241,550,
542,11507,Grant Road KFH,287,Murrukku Sticks,225g,H - 6,H - 242,551,
543,11508,Grant Road KFH,223,Namkeen Shakarpare,250 g,H - 6,H - 243,552,
544,11509,Grant Road KFH,391,Roasted Chana(Masala),100 g,H - 6,H - 244,553,
545,11510,Grant Road KFH,216,Shev,150g,H - 6,H - 245,554,
546,11511,Grant Road KFH,458,Tea Time Snacks Box,5 Nos,H - 6,H - 246,555,
547,11512,Grant Road KFH,5799,Tomato ketchup,300 g,H - 6,H - 247,556,
548,11513,Grant Road KFH,5742,Kashmiri chilli powder,75g,H - 6,H - 248,557,
549,11514,Grant Road KFH,2230,Sugar (Refined) 5kg,5 kg,H - 6,H - 249,558,
550,11515,Grant Road KFH,5772,Bhajani Chakli,120g,H - 6,H - 250,559,
551,11516,Grant Road KFH,1166,Rajgira Flour,250 g,H - 6,H - 251,560,
552,11517,Grant Road KFH,1167,Bhagar/Sama Flour,250 g,H - 6,H - 252,561,
553,11518,Grant Road KFH,4523,Ghar Jaisa Danedar Ghee Pouch 1000ML,1000ml,H - 6,H - 253,562,
554,11519,Grant Road KFH,754,Jaggery Powder,500 g,H - 6,H - 254,563,
555,11520,Grant Road KFH,5716,Black pepper,75g,H - 6,H - 255,564,
556,11521,Grant Road KFH,5741,Cumin Powder (Jeera powder),75g,H - 6,H - 256,565,
557,11522,Grant Road KFH,792,Jowar,1 kg,H - 6,H - 257,566,
558,11523,Grant Road KFH,2321,Rajma Sharmili,500 g,H - 6,H - 258,567,
559,11524,Grant Road KFH,2324,Kabuli Chana Bold,500 g,H - 6,H - 259,568,
560,11525,Grant Road KFH,2325,Kulthi/Horse Gram,250 g,H - 6,H - 260,569,
561,11526,Grant Road KFH,2344,Chana Green,500 g,H - 6,H - 261,570,
562,11527,Grant Road KFH,2345,Watana Whole White,500 g,H - 6,H - 262,571,
563,11528,Grant Road KFH,2347,Brown Chana Big,500 g,H - 6,H - 263,572,
564,11529,Grant Road KFH,2357,Sugar Powder,500 g,H - 6,H - 264,573,
565,11530,Grant Road KFH,2358,Sugar Mishri Dana,200 g,H - 6,H - 265,574,
566,11531,Grant Road KFH,2404,Ajwain,100 g,H - 6,H - 266,575,
567,11532,Grant Road KFH,2406,Khas Khas (Poppy Seeds),50 g,H - 6,H - 267,576,
568,11533,Grant Road KFH,2407,Star Anise (Badiyan),100 g,H - 6,H - 268,577,
569,11534,Grant Road KFH,2408,Dhaniya Dal,100 g,H - 6,H - 269,578,
570,11535,Grant Road KFH,2412,Black Elaichi,50 g,H - 6,H - 270,579,
571,11536,Grant Road KFH,2413,Shahi Jeera,100 g,H - 6,H - 271,580,
572,11537,Grant Road KFH,2418,Pumpkin Seeds,100 g,H - 6,H - 272,581,
573,11538,Grant Road KFH,2419,WaterMelon Seeds,100 g,H - 6,H - 273,582,
574,11539,Grant Road KFH,2422,Amsul wet Kokum,100 g,H - 6,H - 274,583,
575,11540,Grant Road KFH,3054,Poha Thin (Patla),500 g,H - 6,H - 275,584,
576,11541,Grant Road KFH,3299,Cumin Powder (Jeera powder),100 g,H - 6,H - 276,585,
577,11542,Grant Road KFH,3300,Amchur powder,100 g,H - 6,H - 277,586,
578,11543,Grant Road KFH,3308,Toor Dal- Gujarat,1 kg,H - 6,H - 278,587,
579,11544,Grant Road KFH,3309,Toor Dal- Eco,1 kg,H - 6,H - 279,588,
580,11545,Grant Road KFH,4420,Jowar Solapuri,500 g,H - 6,H - 280,589,
581,11546,Grant Road KFH,4542,Sabja,100 g,H - 6,H - 281,590,
582,11547,Grant Road KFH,1736,Raw Peanuts/Kacche Shengdane.,1 kg,H - 6,H - 282,591,
583,11548,Grant Road KFH,261,Vada Pav Chutney,50 g,H - 6,H - 283,592,
584,11549,Grant Road KFH,3082,Jowar Papad,200 g,H - 6,H - 284,593,
585,11550,Grant Road KFH,4577,Moong papad,200 g,H - 6,H - 285,594,
586,11551,Grant Road KFH,4616,Millet papad combo,150g,H - 6,H - 286,595,
587,11552,Grant Road KFH,2241,Fig Jam (Approx.200g),1 Nos,H - 6,H - 287,596,
588,11553,Grant Road KFH,2244,Fig Kesar Jam(Approx.200g),1 Nos,H - 6,H - 288,597,
589,11554,Grant Road KFH,1934,Dates Red / Laal Khajur - Seedless,500 g,H - 7,H - 289,598,
590,11555,Grant Road KFH,253,Pinni Ladoo,200 g,H - 7,H - 290,599,
591,11556,Grant Road KFH,1177,Methi Gondh(Dink) Ladoo,250 g,H - 7,H - 291,600,
592,11557,Grant Road KFH,1415,Gondh(Dink) Ladoo,250 g,H - 7,H - 292,601,
593,11558,Grant Road KFH,1416,Panjiri Ladoo,250 g,H - 7,H - 293,602,
594,11559,Grant Road KFH,4518,Ghar Jaisa Danedar Ghee 100ML,100 ml,H - 7,H - 294,603,
595,11560,Grant Road KFH,4520,Ghar Jaisa Danedar Ghee,500ml,H - 7,H - 295,604,
596,11561,Grant Road KFH,4521,Ghar Jaisa Danedar Ghee,1000ml,H - 7,H - 296,605,
597,11562,Grant Road KFH,5601,Ghar Jaisa Danedar Ghee,500ml,H - 7,H - 297,606,
598,11563,Grant Road KFH,5589,Haldi,75g,H - 7,H - 298,607,
599,11564,Grant Road KFH,5532,Sabudana Chiwda,100 g,H - 7,H - 299,608,
600,11565,Grant Road KFH,1666,Solapuri Goda Masala,100 g,H - 7,H - 300,609,
601,11566,Grant Road KFH,1668,Biryani Masala,100 g,H - 7,H - 301,610,
602,11567,Grant Road KFH,1679,Dosa Mix,200 g,H - 7,H - 302,611,
603,11568,Grant Road KFH,1689,Solapuri Dry Mirchi Thecha,100 g,H - 7,H - 303,612,
604,11569,Grant Road KFH,647,Amla Candy-Pieces,200 g,H - 7,H - 304,613,
605,11570,Grant Road KFH,4410,Jowar Puffed,60g,H - 7,H - 305,614,
606,11571,Grant Road KFH,2986,Milk masala,125g,H - 7,H - 306,615,
607,11572,Grant Road KFH,5669,Cashew / Kaju,100 g,H - 7,H - 307,616,
608,11573,Grant Road KFH,5670,Almond / Badam,100 g,H - 7,H - 308,617,
609,11574,Grant Road KFH,5671,Raisins Indian / Indian Kishmish,100 g,H - 7,H - 309,618,
610,11575,Grant Road KFH,1443,Daal Sandge/Wade,200 g,H - 7,H - 310,619,
611,11576,Grant Road KFH,4239,Rice,1 Nos,H - 7,H - 311,620,
612,10959,Grant Road KFH,4366,New Onion,300 g,Pallet 1,P - 1,1,
613,10960,Grant Road KFH,1957,New Onion,500 g,Pallet 1,P - 2,2,
614,10961,Grant Road KFH,1,New Onion,1 kg,Pallet 1,P - 3,3,
615,10962,Grant Road KFH,4421,New Potato,500 g,Pallet 1,P - 4,4,
616,10963,Grant Road KFH,22,Watermelon(approx.2 kg to 3 kg),1 Nos,Pallet 2,P - 5,5,
617,10964,Grant Road KFH,4368,New Potato,300 g,Pallet 2,P - 6,6,
618,10965,Grant Road KFH,419,New Potato,1 kg,Pallet 2,P - 7,7,
619,11577,Grant Road KFH,4527,Fresh Cow Milk (Min. Fat 4.0% ),500ml,V - 1,V - 1,621,
620,11586,Grant Road KFH,4537,Guava Chilli Lassi,200 ml,V - 1,V - 10,630,
621,11587,Grant Road KFH,4487,Ghar Jaisa Dahi Cup 400gm,400 g,V - 1,V - 11,631,
622,11588,Grant Road KFH,1640,Mix Lettuce -Hydroponically Grown,1 Nos,V - 1,V - 12,632,
623,11589,Grant Road KFH,4501,Dryfruit Lassi Cup,200 ml,V - 1,V - 13,633,
624,11590,Grant Road KFH,4500,Mango Lassi Cup,200 ml,V - 1,V - 14,634,
625,11591,Grant Road KFH,1641,Palak(Spinach) - Hydroponically Grown,1 Nos,V - 1,V - 15,635,
626,11592,Grant Road KFH,2262,Baby Corn-Hydroponically Grown,1 Nos,V - 1,V - 16,636,
627,11593,Grant Road KFH,4499,Malai Lassi,200 ml,V - 1,V - 17,637,
628,11594,Grant Road KFH,4603,Ghar Jaisa Dahi Cup (400gm + 400gm),800g,V - 1,V - 18,638,
629,11595,Grant Road KFH,4536,Strawberry lassi Cup,200 ml,V - 1,V - 19,639,
630,11578,Grant Road KFH,4508,Malai Paneer,200 g,V - 1,V - 2,622,
631,11596,Grant Road KFH,1629,Zucchini (Green) - Hydroponically Grown,1 Nos,V - 1,V - 20,640,
632,11597,Grant Road KFH,1636,Baby Spinach-Hydroponically Grown,1 Nos,V - 1,V - 21,641,
633,11598,Grant Road KFH,1637,Butter Head Lettuce -Hydroponically Grown,1 Nos,V - 1,V - 22,642,
634,11599,Grant Road KFH,1755,Celery - Hydroponically Grown,1 Nos,V - 1,V - 23,643,
635,11600,Grant Road KFH,1630,Zucchini (Yellow) - Hydroponically Grown,1 Nos,V - 1,V - 24,644,
636,11601,Grant Road KFH,3195,Fresh Harbhara with leaves (Chikpea),1 Nos,V - 1,V - 25,645,
637,11602,Grant Road KFH,1740,Lollo Rossa Red - Hydroponically Grown,1 Nos,V - 1,V - 26,646,
638,11603,Grant Road KFH,1743,Romain - Hydroponically Grown,1 Nos,V - 1,V - 27,647,
639,11604,Grant Road KFH,1758,Mint - Hydroponically Grown,1 Nos,V - 1,V - 28,648,
640,11605,Grant Road KFH,2258,Lemongrass Hydroponically Grown,1 Nos,V - 1,V - 29,649,
641,11579,Grant Road KFH,4529,Fresh A2 Buffalo Milk,500ml,V - 1,V - 3,623,
642,11606,Grant Road KFH,2261,Batavia/Summercrisp - Hydroponically Grown,1 Nos,V - 1,V - 30,650,
643,11607,Grant Road KFH,2263,Chilli Red Bud-Hydroponically Grown,1 Nos,V - 1,V - 31,651,
644,11608,Grant Road KFH,3187,Rosemerry- Hydroponically Grown,1 Nos,V - 1,V - 32,652,
645,11609,Grant Road KFH,3345,Sage- Hydroponically Grown,1 Nos,V - 1,V - 33,653,
646,11610,Grant Road KFH,4158,Red Lettuce Butter Head Hydrophonically Grown,1 Nos,V - 1,V - 34,654,
647,11611,Grant Road KFH,149,Leek- Hydroponically Grown,1 Nos,V - 1,V - 35,655,
648,11612,Grant Road KFH,1639,Red Oak -Hydroponically Grown,1 Nos,V - 1,V - 36,656,
649,11613,Grant Road KFH,1638,Green Oak -Hydroponically Grown,1 Nos,V - 1,V - 37,657,
650,11614,Grant Road KFH,3065,Basil Italian Hydroponically Grown,1 Nos,V - 1,V - 38,658,
651,11615,Grant Road KFH,3066,Salad Box Hydroponically Grown,1 Nos,V - 1,V - 39,659,
652,11580,Grant Road KFH,4503,Plain Chaas Bottle,500ml,V - 1,V - 4,624,
653,11616,Grant Road KFH,2376,Thyme- Hydroponically Grown,1 Nos,V - 1,V - 40,660,
654,11617,Grant Road KFH,4162,Mix Cherry Hydroponically Grown,1 Nos,V - 1,V - 41,661,
655,11618,Grant Road KFH,5707,Ghar Jaisa Dahi Pouch (1 kg),1 kg,V - 1,V - 42,662,
656,11619,Grant Road KFH,5543,Shevanti white Veni,1 Nos,V - 1,V - 43,663,
657,11620,Grant Road KFH,5545,Marigold Orange String (45 Cm),1 Nos,V - 1,V - 44,664,
658,11621,Grant Road KFH,5819,Grapes Red Flame (Approx. 500 Gm),1 Nos,V - 1,V - 45,665,
659,11622,Grant Road KFH,3145,Mahabaleshwar Strawberry (160g to 180g),1 Nos,V - 1,V - 46,666,
660,11623,Grant Road KFH,3260,Strawberry Heart Special,1 Nos,V - 1,V - 47,667,
661,11624,Grant Road KFH,4429,Black & Sonaka Grapes Combo,500 g,V - 1,V - 48,668,
662,11625,Grant Road KFH,3159,Chinese Stir Fry,150g,V - 1,V - 49,669,
663,11581,Grant Road KFH,4490,Dahi Pouch 400gm,400 g,V - 1,V - 5,625,
664,11582,Grant Road KFH,4547,Ghar Jaisa Dahi Tub (1kg),1 kg,V - 1,V - 6,626,
665,11583,Grant Road KFH,4486,Ghar Jaisa Dahi Cup (200gm),200 g,V - 1,V - 7,627,
666,11584,Grant Road KFH,4533,Masala Chaas Cup,200 ml,V - 1,V - 8,628,
667,11585,Grant Road KFH,1659,Harbharyachi Bhaji,150g,V - 1,V - 9,629,
668,11626,Grant Road KFH,3161,Steam Vegetable Mix,150g,W - 1,W - 1,670,
669,11635,Grant Road KFH,3230,Watermelon Chunks,200 g,W - 1,W - 10,679,
670,11636,Grant Road KFH,3548,Coleslaw Salad,200 g,W - 1,W - 11,680,
671,11637,Grant Road KFH,3549,Spring-mix salad,200 g,W - 1,W - 12,681,
672,11638,Grant Road KFH,4441,Kala Masala Mix vegetable,150g,W - 1,W - 13,682,
673,11639,Grant Road KFH,4442,Kala masala stuffed Brinjal,200 g,W - 1,W - 14,683,
674,11640,Grant Road KFH,4443,Kala masala stuffed Drumstick,150g,W - 1,W - 15,684,
675,11641,Grant Road KFH,5535,Thai Mix (Approx. 250g),1 Nos,W - 1,W - 16,685,
676,11642,Grant Road KFH,5551,Thai Sweet Basil,100 g,W - 1,W - 17,686,
677,11643,Grant Road KFH,5805,Soaked Chana Green,200 g,W - 1,W - 18,687,
678,11644,Grant Road KFH,2606,Green Cucumber slices,200 g,W - 1,W - 19,688,
679,11627,Grant Road KFH,3165,Stuffed Brinjal,200 g,W - 1,W - 2,671,
680,11645,Grant Road KFH,5806,Soaked Rajma Red,200 g,W - 1,W - 20,689,
681,11646,Grant Road KFH,2610,Karela dice,200 g,W - 1,W - 21,690,
682,11647,Grant Road KFH,2612,Radish slice,200 g,W - 1,W - 22,691,
683,11648,Grant Road KFH,5807,Soaked Chole,200 g,W - 1,W - 23,692,
684,11649,Grant Road KFH,2971,Chilli Medium Spicy Chopped,150g,W - 1,W - 24,693,
685,11650,Grant Road KFH,2972,French Beans Julienne,150g,W - 1,W - 25,694,
686,11651,Grant Road KFH,2973,Beetroot Julienne,200 g,W - 1,W - 26,695,
687,11652,Grant Road KFH,2974,Cucumber Green Julienne,200 g,W - 1,W - 27,696,
688,11653,Grant Road KFH,4261,Pandan Leaves,100 g,W - 1,W - 28,697,
689,11654,Grant Road KFH,4479,Green Capsicum cut,200 g,W - 1,W - 29,698,
690,11628,Grant Road KFH,3167,Stuffed Ridge Gourd,150g,W - 1,W - 3,672,
691,11655,Grant Road KFH,4482,Green Chilli Chop,100 g,W - 1,W - 30,699,
692,11656,Grant Road KFH,5656,Baby Carrots,100 g,W - 1,W - 31,700,
693,11657,Grant Road KFH,4546,Jackfruit Raw Cut(app.200g),1 Nos,W - 1,W - 32,701,
694,11658,Grant Road KFH,5565,Fresh Rajma Beans Peeled,250 g,W - 1,W - 33,702,
695,11659,Grant Road KFH,5604,Oyster Mushroom Pink,1 Nos,W - 1,W - 34,703,
696,11660,Grant Road KFH,5534,Rambutan Fruit - Indian,250 g,W - 1,W - 35,704,
697,11661,Grant Road KFH,845,Pomegranate Peeled(200gm x 2Nos),400 g,W - 1,W - 36,705,
698,11662,Grant Road KFH,4353,Grapes Green (Imported),300 g,W - 1,W - 37,706,
699,11663,Grant Road KFH,4361,Grapes Crimson Imported,300 g,W - 1,W - 38,707,
700,11664,Grant Road KFH,4477,Raspberry Indian,1 Nos,W - 1,W - 39,708,
701,11629,Grant Road KFH,3169,Stuffed Bitter Gourd,150g,W - 1,W - 4,673,
702,11665,Grant Road KFH,3158,Pasta Mix,150g,W - 1,W - 40,709,
703,11666,Grant Road KFH,3162,Peppery Mushroom Stir Fry,250 g,W - 1,W - 41,710,
704,11667,Grant Road KFH,3163,Thai Curry Mix,250 g,W - 1,W - 42,711,
705,11668,Grant Road KFH,774,Thai Brinjal,50 g,W - 1,W - 43,712,
706,11669,Grant Road KFH,4159,Pepper Pack Hydroponically Grown,1 Nos,W - 1,W - 44,713,
707,11670,Grant Road KFH,5857,Roma Tomato,1 Nos,W - 1,W - 45,714,
708,11671,Grant Road KFH,5858,Snow Peas,1 Nos,W - 1,W - 46,715,
709,11672,Grant Road KFH,4451,Mahabaleshwar Strawberry Delight (180g to 200g),1 Nos,W - 1,W - 47,716,
710,11673,Grant Road KFH,5822,Grapes Black (Approx. 250 Gm),1 Nos,W - 1,W - 48,717,
711,11674,Grant Road KFH,5709,Grapes Green,250 g,W - 1,W - 49,718,
712,11630,Grant Road KFH,3170,Vegetable Soup Mix,150g,W - 1,W - 5,674,
713,11675,Grant Road KFH,98,Mushroom(Approx.200gm),1 Nos,W - 1,W - 50,719,
714,11676,Grant Road KFH,229,Garlic-Peeled,100 g,W - 1,W - 51,720,
715,11631,Grant Road KFH,3171,Green Goodness Soup Mix,220g,W - 1,W - 6,675,
716,11632,Grant Road KFH,3203,Avial Mix,250 g,W - 1,W - 7,676,
717,11633,Grant Road KFH,3204,Vegetable Makhanwala Mix,270 g,W - 1,W - 8,677,
718,11634,Grant Road KFH,3228,Papaya chunks,200 g,W - 1,W - 9,678,
719,11677,Grant Road KFH,235,Cut Orange Pumpkin,250 g,X - 1,X - 1,721,
720,11686,Grant Road KFH,1544,Fresh Fig - 6 pcs,1 Nos,X - 1,X - 10,730,
721,11687,Grant Road KFH,226,Chana Brown(Sprouts),200 g,X - 1,X - 11,731,
722,11688,Grant Road KFH,609,Gavar-Cut,150g,X - 1,X - 12,732,
723,11689,Grant Road KFH,610,Coconut-Diced,200 g,X - 1,X - 13,733,
724,11690,Grant Road KFH,299,Fresh Fig(8 Nos),1 Nos,X - 1,X - 14,734,
725,11691,Grant Road KFH,230,Juicy Plum-Imported (Approx 3-4 Pcs),250 g,X - 1,X - 15,735,
726,11692,Grant Road KFH,52,Broccoli,250 g,X - 1,X - 16,736,
727,11693,Grant Road KFH,1363,Kulith (Sprouts),200 g,X - 1,X - 17,737,
728,11694,Grant Road KFH,2605,Karela slice,200 g,X - 1,X - 18,738,
729,11695,Grant Road KFH,133,Cherry Tomato,200 g,X - 1,X - 19,739,
730,11678,Grant Road KFH,225,Matki(Sprouts),200 g,X - 1,X - 2,722,
731,11696,Grant Road KFH,2652,Tulsi leaves,20g,X - 1,X - 20,740,
732,11697,Grant Road KFH,1084,Marigold Flower - Yellow,250 g,X - 1,X - 21,741,
733,11698,Grant Road KFH,612,Cowpea Beans-Chopped,150g,X - 1,X - 22,742,
734,11699,Grant Road KFH,846,Marigold Flower - Orange,250 g,X - 1,X - 23,743,
735,11700,Grant Road KFH,2975,Carrot Julienne,200 g,X - 1,X - 24,744,
736,11701,Grant Road KFH,341,Pomegranate Peeled,200 g,X - 1,X - 25,745,
737,11702,Grant Road KFH,132,Baby Corn,200 g,X - 1,X - 26,746,
738,11703,Grant Road KFH,1093,Pulav Mix,225g,X - 1,X - 27,747,
739,11704,Grant Road KFH,5680,Grapes Black ( Imported ),250 g,X - 1,X - 28,748,
740,11705,Grant Road KFH,608,Ash Gourd-Cut,200 g,X - 1,X - 29,749,
741,11679,Grant Road KFH,820,Grapes- Red Globe (Imported),250 g,X - 1,X - 3,723,
742,11706,Grant Road KFH,1094,Coconut Chutney,200 g,X - 1,X - 30,750,
743,11707,Grant Road KFH,2614,Bhendi fry cut,200 g,X - 1,X - 31,751,
744,11708,Grant Road KFH,1112,Lettuce Romaine Red,250 g,X - 1,X - 32,752,
745,11709,Grant Road KFH,1135,Shevanti Flower - Pink,200 g,X - 1,X - 33,753,
746,11710,Grant Road KFH,2609,Drumstick cut,200 g,X - 1,X - 34,754,
747,11711,Grant Road KFH,423,Sugarcane Dice.,400 g,X - 1,X - 35,755,
748,11712,Grant Road KFH,171,Mulberry(approx.125gm),1 Nos,X - 1,X - 36,756,
749,11713,Grant Road KFH,313,Green Peas Peeled,250 g,X - 1,X - 37,757,
750,11714,Grant Road KFH,2608,Cabbage shredded,200 g,X - 1,X - 38,758,
751,11715,Grant Road KFH,2611,Snake gourd dice,200 g,X - 1,X - 39,759,
752,11680,Grant Road KFH,3207,Iceberg (approx. 250g to 500g),1 Nos,X - 1,X - 4,724,
753,11716,Grant Road KFH,2976,Bhendi Diced,150g,X - 1,X - 40,760,
754,11717,Grant Road KFH,193,Imported Lemon,2 Nos,X - 1,X - 41,761,
755,11718,Grant Road KFH,763,Grape Fruit(Approx.200g-300g),1 Nos,X - 1,X - 42,762,
756,11719,Grant Road KFH,2256,Ice Apple-Tadgole (Approx. 200g),1 Nos,X - 1,X - 43,763,
757,11720,Grant Road KFH,77,Cut Orange Pumpkin,500 g,X - 1,X - 44,764,
758,11721,Grant Road KFH,328,Longan Lychee,250 g,X - 1,X - 45,765,
759,11722,Grant Road KFH,4139,Red Cherry (Imported),100 g,X - 1,X - 46,766,
760,11723,Grant Road KFH,3394,Brussels Sprouts,1 Nos,X - 1,X - 47,767,
761,11724,Grant Road KFH,199,Pak Choi,250 g,X - 1,X - 48,768,
762,11725,Grant Road KFH,150,Romaine,200 g,X - 1,X - 49,769,
763,11681,Grant Road KFH,227,Moong Green(Sprouts),200 g,X - 1,X - 5,725,
764,11726,Grant Road KFH,3551,Mix Sprout Salad,200 g,X - 1,X - 50,770,
765,11727,Grant Road KFH,178,Cauliflower (Fresh Cut and Packed),300 g,X - 1,X - 51,771,
766,11728,Grant Road KFH,693,Carrot Sliced,200 g,X - 1,X - 52,772,
767,11729,Grant Road KFH,746,Lettuce Simpson,250 g,X - 1,X - 53,773,
768,11730,Grant Road KFH,1136,Shevanti Flower - White,200 g,X - 1,X - 54,774,
769,11731,Grant Road KFH,5547,Mix Flower String (45 Cm),1 Nos,X - 1,X - 55,775,
770,11732,Grant Road KFH,3160,Korma Mix,150g,X - 1,X - 56,776,
771,11682,Grant Road KFH,228,Mixed Grams(Sprouts),200 g,X - 1,X - 6,726,
772,11683,Grant Road KFH,342,Fresh Pineapple-Slices,200 g,X - 1,X - 7,727,
773,11684,Grant Road KFH,286,Sweet Corn Peeled,200 g,X - 1,X - 8,728,
774,11685,Grant Road KFH,422,Sugarcane Dice,200 g,X - 1,X - 9,729,
775,11733,Grant Road KFH,3164,Stuffed Bhendi,150g,Y - 1,Y - 1,777,
776,11742,Grant Road KFH,2978,Capsicum Green Chopped,200 g,Y - 1,Y - 10,786,
777,11743,Grant Road KFH,63,Juicy Plum-Imported (Approx 6-8 Pcs),500 g,Y - 1,Y - 11,787,
778,11744,Grant Road KFH,3093,Grapes Black,500 g,Y - 1,Y - 12,788,
779,11745,Grant Road KFH,370,Broccoli Florets,200 g,Y - 1,Y - 13,789,
780,11746,Grant Road KFH,205,Oyster Mushroom(approx.200gm),1 Nos,Y - 1,Y - 14,790,
781,11747,Grant Road KFH,5794,Tomato chutney,100 g,Y - 1,Y - 15,791,
782,11748,Grant Road KFH,5795,Ginger Tamarind Chutney,100 g,Y - 1,Y - 16,792,
783,11749,Grant Road KFH,151,Lettuce Green,250 g,Y - 1,Y - 17,793,
784,11750,Grant Road KFH,200,Lollo Rossa,200 g,Y - 1,Y - 18,794,
785,11751,Grant Road KFH,5775,Thai Kailan,250 g,Y - 1,Y - 19,795,
786,11734,Grant Road KFH,3168,Stuffed Chilli Bhaji,200 g,Y - 1,Y - 2,778,
787,11752,Grant Road KFH,2249,Jackfruit Peeled (Approx. 250g),1 Nos,Y - 1,Y - 20,796,
788,11753,Grant Road KFH,4137,Sage,50 g,Y - 1,Y - 21,797,
789,11754,Grant Road KFH,4480,Red Capsicum Cut,1 Nos,Y - 1,Y - 22,798,
790,11755,Grant Road KFH,5735,Idli dosa batter,500 g,Y - 1,Y - 23,799,
791,11756,Grant Road KFH,483,Fennel,200 g,Y - 1,Y - 24,800,
792,11757,Grant Road KFH,767,Nectarine-Imported (Approx.200g-220g),2 Nos,Y - 1,Y - 25,801,
793,11758,Grant Road KFH,345,Rocket Arugula Leaves(approx.200g),1 Nos,Y - 1,Y - 26,802,
794,11759,Grant Road KFH,5654,Rocket Arugula Leaves (Wild),100 g,Y - 1,Y - 27,803,
795,11760,Grant Road KFH,4262,Golden berry,200 g,Y - 1,Y - 28,804,
796,11761,Grant Road KFH,1431,Gajar Halwa,250 g,Y - 1,Y - 29,805,
797,11735,Grant Road KFH,3205,Fried rice/Noodles Mix,250 g,Y - 1,Y - 3,779,
798,11762,Grant Road KFH,1211,Mix Flowers,250 g,Y - 1,Y - 30,806,
799,11763,Grant Road KFH,1761,Shevanti Flower- Yellow,200 g,Y - 1,Y - 31,807,
800,11764,Grant Road KFH,2668,Gulchadi Flower,200 g,Y - 1,Y - 32,808,
801,11765,Grant Road KFH,3238,Red Rose,1 Nos,Y - 1,Y - 33,809,
802,11766,Grant Road KFH,5503,Red Rose - Pack of 6 Nos,1 Nos,Y - 1,Y - 34,810,
803,11767,Grant Road KFH,5504,Red Rose (Without Stem) - Pack of 5 Nos,1 Nos,Y - 1,Y - 35,811,
804,11768,Grant Road KFH,5537,Pink Rose (1 Nos),1 Nos,Y - 1,Y - 36,812,
805,11769,Grant Road KFH,3337,Red Jam (Water Apple) (Approx. 350g),1 Nos,Y - 1,Y - 37,813,
806,11770,Grant Road KFH,5853,Sungreen Tomato,1 Nos,Y - 1,Y - 38,814,
807,11771,Grant Road KFH,5856,Juliet Tomato,1 Nos,Y - 1,Y - 39,815,
808,11736,Grant Road KFH,3229,Pineapple chunks,200 g,Y - 1,Y - 4,780,
809,11772,Grant Road KFH,5855,Sungold Tomato,1 Nos,Y - 1,Y - 40,816,
810,11773,Grant Road KFH,5854,Mix Cherry Tomato,1 Nos,Y - 1,Y - 41,817,
811,11774,Grant Road KFH,5660,Alfalfa Sprouts,1 Nos,Y - 1,Y - 42,818,
812,11737,Grant Road KFH,3552,Mixed fruits chunks,225g,Y - 1,Y - 5,781,
813,11738,Grant Road KFH,611,French Beans -Chopped,150g,Y - 1,Y - 6,782,
814,11739,Grant Road KFH,1095,Sambar Mix,250 g,Y - 1,Y - 7,783,
815,11740,Grant Road KFH,1303,Kaffir Leaves,50 g,Y - 1,Y - 8,784,
816,11741,Grant Road KFH,2977,Beetroot Diced,200 g,Y - 1,Y - 9,785,
817,11775,Grant Road KFH,4516,Shrikhand Cup Elaichi,100 g,Z - 1,Z - 1,819,
818,11784,Grant Road KFH,5449,Shrikhand Cup Elaichi,250 g,Z - 1,Z - 10,828,
819,11785,Grant Road KFH,4147,Kothimbir Vadi,200 g,Z - 1,Z - 11,829,
820,11786,Grant Road KFH,4146,Alu Vadi,200 g,Z - 1,Z - 12,830,
821,11787,Grant Road KFH,351,Hurda (Ponk) Plain,200 g,Z - 1,Z - 13,831,
822,11776,Grant Road KFH,4517,Shrikhand Cup Dryfruits,100 g,Z - 1,Z - 2,820,
823,11777,Grant Road KFH,5469,Shrikhand Cup Mango,100 g,Z - 1,Z - 3,821,
824,11778,Grant Road KFH,4599,Pineapple 100% Fresh Juice,200 ml,Z - 1,Z - 4,822,
825,11779,Grant Road KFH,4600,Orange 100% Fresh Juice,200 ml,Z - 1,Z - 5,823,
826,11780,Grant Road KFH,4514,Shrikhand Cup Dryfruits,250 g,Z - 1,Z - 6,824,
827,11781,Grant Road KFH,4515,Shrikhand Cup Mango,250 g,Z - 1,Z - 7,825,
828,11782,Grant Road KFH,4598,Watermelon 100% Fresh Juice,200 ml,Z - 1,Z - 8,826,
829,11783,Grant Road KFH,4601,ABC 100% Fresh Juice,200 ml,Z - 1,Z - 9,827,